City_ID,City,Country,Max Temp,Current Description,Lat,Lng,Hotel Name
1,Lazaro Cardenas,MX,75.24,few clouds,17.9583,-102.2,quinta antigua
10,San Ignacio,BZ,66.34,clear sky,17.1561,-89.0714,Rainforest Haven Inn
15,Mangrol,IN,85.42,clear sky,21.1167,70.1167,Hotel The Royal Honours
16,Camacha,PT,63.54,broken clouds,33.0833,-16.3333,Hotel Porto Santo & Spa
22,Rikitea,PF,76.33,overcast clouds,-23.1203,-134.9692,People ThankYou
24,Victoria,HK,76.17,clear sky,22.2855,114.1577,Mini Hotel Central
26,Carnarvon,AU,89.67,clear sky,-24.8667,113.6333,Hospitality Carnarvon
28,Esperance,AU,67.84,clear sky,-33.8667,121.9,Hospitality Esperance
31,Chicama,PE,67.06,overcast clouds,-7.8447,-79.1469,Balihai Bungalows
32,Ixtapa,MX,69.76,few clouds,20.7,-105.2,Hotel Plaza Providencia
33,Georgetown,MY,89.55,few clouds,5.4112,100.3354,Cititel Penang
36,Avarua,CK,73.45,overcast clouds,-21.2078,-159.775,Paradise Inn
37,Geraldton,AU,86.41,clear sky,-28.7667,114.6,Broadwater Mariner Resort
38,Port Lincoln,AU,68.95,light rain,-34.7333,135.8667,Port Lincoln Hotel
39,Cape Town,ZA,70.12,clear sky,-33.9258,18.4232,Southern Sun Waterfront Cape Town
40,Buraydah,SA,61.25,clear sky,26.326,43.975,ŸÅŸÜÿØŸÇ ÿ±ÿßÿ≠ÿ© ÿßŸÑÿ≥ŸÑÿßŸÖ
42,Ribeira Grande,PT,66.87,overcast clouds,38.5167,-28.7,Quinta da Meia Eira
43,Bredasdorp,ZA,66.27,scattered clouds,-34.5322,20.0403,Bredasdorp Country Manor
44,Faanui,PF,80.89,scattered clouds,-16.4833,-151.75,Bora-Bora Pearl Beach Resort & Spa
46,Atuona,PF,77.67,scattered clouds,-9.8,-139.0333,Villa Enata
49,Puerto Ayora,EC,68.56,scattered clouds,-0.7393,-90.3518,Finch Bay Galapagos Hotel
50,Los Llanos De Aridane,ES,64.15,clear sky,28.6585,-17.9182,Valle Aridane
51,Hermanus,ZA,70.9,few clouds,-34.4187,19.2345,Misty Waves Boutique Hotel
53,Hobart,AU,71.11,broken clouds,-42.8794,147.3294,Mantra on Collins Hobart
56,Manokwari,ID,82.94,overcast clouds,-0.8667,134.0833,Swiss Belhotel Manokwari
57,Hithadhoo,MV,81.93,overcast clouds,-0.6,73.0833,Scoop Guest House
59,Vaini,TO,82.56,scattered clouds,-21.2,-175.2,Keleti Beach Resort
60,Floresta,BR,79.41,scattered clouds,-8.6011,-38.5686,Hotel Floresta
61,Le Port,RE,84.88,few clouds,-20.9373,55.2919,KORBEY D'OR OUEST
62,Palang,BD,86.04,clear sky,23.2167,90.35,New ma moni alangkar bitan
63,Bambous Virieux,MU,82.65,scattered clouds,-20.3428,57.7575,Casa Tia Villa
65,Hualmay,PE,65.1,overcast clouds,-11.0964,-77.6139,Hotel Villa Kitzia Huacho
69,Arraial Do Cabo,BR,71.04,overcast clouds,-22.9661,-42.0278,Pousada Porto Praia
73,Mazamari,PE,70.39,overcast clouds,-11.3258,-74.5308,Hospedaje Ratto
75,Norsup,VU,76.87,light rain,-16.0667,167.3833,Nabelchel Bungalows
79,Gat,IL,70.39,few clouds,31.61,34.7642,OlusHome
80,Mar Del Plata,AR,66.09,clear sky,-38.0023,-57.5575,Gran Hotel Mar del Plata
84,New Norfolk,AU,70.75,overcast clouds,-42.7826,147.0587,The Shingles Riverside Cottages
85,Porto Santo,PT,66.31,broken clouds,33.072,-16.3415,Hotel Porto Santo & Spa
86,Kapaa,US,75.52,scattered clouds,22.0752,-159.319,Sheraton Kauai Coconut Beach Resort
88,Resistencia,AR,70.11,light rain,-27.4606,-58.9839,Niyat Urban Hotel
89,Cidreira,BR,62.82,clear sky,-30.1811,-50.2056,Hotel Castelo
90,Hilo,US,82.27,clear sky,19.7297,-155.09,Hilo Hawaiian Hotel
92,Kavieng,PG,84.06,overcast clouds,-2.5744,150.7967,Nusa Island Retreat
93,Mattru,SL,74.07,few clouds,7.6244,-11.8332,"Mondkor Town, Bagbo Chiefdom, Bo District"
94,Busselton,AU,85.08,clear sky,-33.65,115.3333,Observatory Guest House
97,Mogadishu,SO,85.87,clear sky,2.0371,45.3438,Hotel Juba
98,Pundaguitan,PH,81.84,heavy intensity rain,6.3711,126.1689,Leonardo Family Beach House 1
99,Port Elizabeth,ZA,64.69,light rain,-33.918,25.5701,39 On Nile Guest House
100,Airai,TL,68.09,overcast clouds,-8.9266,125.4092,Juvinal Martin
102,Santiago Del Estero,AR,65.8,clear sky,-27.7951,-64.2615,Apartamentos Castelli 90
103,Palu,ID,81.03,overcast clouds,-0.8917,119.8707,Hotel Santika Palu
104,Monrovia,LR,77.31,light rain,6.3005,-10.7969,Sunset Inn
105,Bariri,BR,71.94,scattered clouds,-22.0744,-48.7403,San Francisco Hotel
109,Porto Belo,BR,67.98,broken clouds,-27.1578,-48.5531,Costa Verde Beach Hotel
110,Mount Isa,AU,76.77,overcast clouds,-20.7333,139.5,ibis Styles Mt Isa Verona
111,Port Alfred,ZA,63.03,light rain,-33.5906,26.891,The Halyards Hotel
113,Butaritari,KI,81.79,few clouds,3.0707,172.7902,Isles Sunset Lodge
115,Coruripe,BR,75.92,few clouds,-10.1256,-36.1756,Pousada e Hotel Litoral Sul
117,Vila Velha,BR,69.94,clear sky,-20.3297,-40.2925,Quality Suites Vila Velha
118,Cienaga,CO,78.94,overcast clouds,11.007,-74.2476,The Journey Hostel
119,Gbadolite,CD,78.33,clear sky,4.2833,21.0167,Zenic
122,Zinder,NE,75.16,clear sky,13.8072,8.9881,Hotel de Ville
125,Bengkulu,ID,82.36,overcast clouds,-3.8004,102.2655,Grage Hotel Bengkulu
131,Pisco,PE,62.65,overcast clouds,-13.7,-76.2167,Hotel San Isidro Oficial
132,Porto Novo,BJ,82.22,scattered clouds,6.4965,2.6036,Tour Eiffel Hotel Benin
134,Hambantota,LK,82.74,light rain,6.1241,81.1185,Bungalow 63
135,Saint-Philippe,RE,84.47,few clouds,-21.3585,55.7679,"Chambres d'h√¥te ""La Trinit√©"""
137,Samarai,PG,84.79,scattered clouds,-10.6167,150.6667,Nuli Sapi
138,Wenling,CN,62.91,few clouds,28.3669,121.36,Hanting Express Wenling Wanchang North Road
139,Flinders,AU,75.2,light rain,-34.5833,150.8552,Shellharbour Resort & Conference Centre
142,Careiro Da Varzea,BR,77.61,overcast clouds,-3.2003,-59.8119,POUSADA DA ALDENORA
148,Saint-Leu,RE,83.95,few clouds,-21.15,55.2833,La Caz Oceane
149,Pampa,US,60.57,clear sky,35.5362,-100.9599,"Holiday Inn Express & Suites Pampa, an IHG Hotel"
152,Odweyne,SO,82.6,clear sky,9.4092,45.064,Eng Hiirey House
155,Acarau,BR,80.71,overcast clouds,-2.8856,-40.12,castelo pizzaria
156,Kirakira,SB,80.42,overcast clouds,-10.4544,161.9205,SanBiz Lodge
158,Port Blair,IN,83.8,overcast clouds,11.6667,92.75,"Welcomhotel By ITC Hotels, Bay Island, Port Blair"
163,Isangel,VU,78.91,heavy intensity rain,-19.55,169.2667,Tanna Lodge
165,Kudahuvadhoo,MV,82.47,overcast clouds,2.6708,72.8944,Niyama Private Islands Maldives
166,Riyadh,SA,64.54,clear sky,24.6877,46.7219,"InterContinental Riyadh, an IHG Hotel"
168,Inhambane,MZ,78.78,scattered clouds,-23.865,35.3833,Oceano
173,Inirida,CO,72.48,heavy intensity rain,3.8653,-67.9239,Fuente del Guania Hotel de Lujo
175,Jalu,LY,69.85,scattered clouds,29.0331,21.5482,ÿµÿßÿ≠ÿ®ÿ© ÿßŸÑŸÅÿÆÿßŸÖÿ©
176,Praya,CV,76.44,overcast clouds,14.9215,-23.5087,LT Aparthotel
178,Ponta Do Sol,PT,67.01,overcast clouds,32.6667,-17.1,Hotel do Campo
179,San Rafael,AR,71.58,clear sky,-34.6177,-68.3301,Hotel San Rafael
180,Mahebourg,MU,82.69,scattered clouds,-20.4081,57.7,Shandrani Beachcomber Resort & Spa
184,Saint-Pierre,RE,84.56,few clouds,-21.3393,55.4781,Lindsey H√¥tel
186,Cooma,AU,64.17,overcast clouds,-36.2333,149.1333,High Country Motel
189,Padang,ID,87.85,overcast clouds,-0.9492,100.3543,Mercure Padang
190,Banikoara,BJ,76.06,broken clouds,11.2985,2.4386,H√¥tel de l'UCom CVPC
191,Kavaratti,IN,78.58,overcast clouds,10.5669,72.642,Hotels in Lakshadweep Islands
193,Ternate,ID,84.78,light rain,0.8,127.4,Sahid Bela Ternate Hotel
201,Souillac,MU,82.78,scattered clouds,-20.5167,57.5167,Shanti Maurice Resort & Spa
205,Poum,NC,77.95,overcast clouds,-20.2333,164.0167,G√Æte kajeon
206,Mathbaria,BD,86.94,few clouds,22.2876,89.9593,Shikdar Hotel
207,Katsuura,JP,61.2,clear sky,35.1333,140.3,Katsuura Hotel Mikazuki
211,Bambari,CF,80.51,clear sky,5.768,20.6757,Hotel-Restaurant BIBICH
212,Maracaju,BR,75.74,overcast clouds,-21.6144,-55.1683,Maracaju Plaza Hotel - Hospedagem - Maracaju/MS
214,Sholapur,IN,86.72,clear sky,17.6833,75.9167,STARiHOTELS Nilanagar Solapur
215,Dingle,PH,80.8,overcast clouds,10.9995,122.6711,SEGAYA PROPERTY
218,Along,IN,78.26,clear sky,28.1667,94.7667,Hotel West
220,Diamantino,BR,72.52,light rain,-14.4086,-56.4461,Hotel Delta
224,Ulladulla,AU,72.5,moderate rain,-35.35,150.4667,Sandpiper Motel
228,Aracoiaba,BR,75.6,overcast clouds,-4.3711,-38.8142,BECO DA FOFOCA
233,Riachao,BR,71.64,light rain,-7.3619,-46.6172,Pousada Nordestina
235,Buala,SB,82.87,overcast clouds,-8.145,159.5921,Maringe Lagoon Lodge
236,Trelew,AR,66.42,clear sky,-43.249,-65.3051,Hotel Touring Club
238,Cayenne,GF,81.09,scattered clouds,4.9333,-52.3333,H√¥tel Le Dronmi
241,Sao Filipe,CV,78.8,few clouds,14.8961,-24.4956,Hotel Xaguate
243,Catamarca,AR,69.58,clear sky,-28.4696,-65.7852,Amerian Catamarca Park Hotel
246,Sotouboua,TG,75.24,broken clouds,8.5667,0.9833,Auberge M√©dina
247,Sungairaya,ID,82.33,light rain,0.7,108.9,Mess P.Milu
251,Hobyo,SO,85.06,clear sky,5.3505,48.5268,Halane Hotel and Restaurent
252,Lompoc,US,61.11,broken clouds,34.6391,-120.4579,"Holiday Inn Express Lompoc, an IHG Hotel"
253,Lagoa,PT,64.98,overcast clouds,39.05,-27.9833,Casa Das Faias
256,San Policarpo,PH,82.49,overcast clouds,12.1791,125.5072,Agapita M. Nicart
257,Nouadhibou,MR,71.35,overcast clouds,20.931,-17.0347,El Medina
259,Phan Thiet,VN,85.82,overcast clouds,10.9333,108.1,Hotel Saigon-PT
260,Wamba,NG,78.1,few clouds,8.9333,8.6,Roma Zee Guest House Annex
261,Dargaville,NZ,62.31,overcast clouds,-35.9333,173.8833,Parkview Motel
262,Marovoay,MG,84.34,scattered clouds,-16.1,46.6333,H√¥tel les Oliviers Marovoay
263,Ribas Do Rio Pardo,BR,76.42,overcast clouds,-20.4431,-53.7592,Pousada Avenida
265,Imbituba,BR,67.89,overcast clouds,-28.24,-48.6703,Praia Hotel Imbituba
266,Mollendo,PE,64.26,overcast clouds,-17.0231,-72.0147,Hostal La Casa de Melgar
267,Caravelas,BR,67.8,few clouds,-17.7125,-39.2481,Pousada dos Navegantes
268,Touros,BR,76.1,overcast clouds,-5.1989,-35.4608,INN NEW HORIZON
270,Farafangana,MG,85.71,scattered clouds,-22.8167,47.8333,Miarina
276,Hervey Bay,AU,82.02,moderate rain,-25.2986,152.8535,Shelly Bay Resort
277,Bowen,AU,80.82,scattered clouds,-20.0167,148.2333,Castle Motor Lodge Motel
278,Frankfort,ZA,66.85,clear sky,-27.2667,28.4833,Formule 11 Accomodation
280,Presidencia Roque Saenz Pena,AR,71.51,overcast clouds,-26.7852,-60.4388,Hotel Aconcagua
284,Chaman,PK,66.76,clear sky,30.9236,66.4512,Niamat parda Center chaman
285,Negombo,LK,78.85,light rain,7.2083,79.8358,Hotel Sunset Beach
289,Arlit,NE,79.03,overcast clouds,18.7369,7.3853,Case de Passage De la Prefecture
292,Trincomalee,LK,81.63,overcast clouds,8.5711,81.2335,Welcombe Hotel
294,Kassala,SD,81.03,clear sky,15.451,36.4,Amassi Hotel Gash
295,Yanam,IN,90.0,broken clouds,16.7333,82.2167,The Regency Hotel
296,The Valley,AI,79.11,broken clouds,18.217,-63.0578,CeBlue Villas & Beach Resort
297,Rawson,AR,63.77,clear sky,-43.3002,-65.1023,Hosteria Sampedro
298,Lorengau,PG,80.46,overcast clouds,-2.0226,147.2712,Lorengau Harbourside Hotel
300,General Roca,AR,61.2,clear sky,-39.0333,-67.5833,Hotel y Casino del R√≠o General Roca
308,Safaga,EG,69.75,clear sky,26.7292,33.9365,Lamar Resort Abu Soma
309,Veraval,IN,86.25,clear sky,20.9,70.3667,Lords Inn Somnath
310,San Patricio,US,71.44,overcast clouds,28.017,-97.5169,"Motel 6 Sinton, TX"
311,Acapulco,MX,76.71,clear sky,16.8634,-99.8901,HS Hotsson Smart Acapulco
313,Kupang,ID,84.78,moderate rain,-10.1667,123.5833,Hotel On The Rock by Prasanthi
314,Malakal,SS,86.59,few clouds,9.5334,31.6605,Nile Palace Hotel
317,Tual,ID,84.29,overcast clouds,-5.6667,132.75,Grand Vilia Hotel
319,Codrington,AU,63.28,overcast clouds,-38.2667,141.9667,Codrington Gardens Bed And Breakfast
323,Ugoofaaru,MV,81.27,overcast clouds,5.6667,73.0,Ungoofaaru Inn
325,Grand Gaube,MU,82.8,overcast clouds,-20.0064,57.6608,Veranda Paul et Virginie Hotel & Spa
326,Santa Fe,AR,70.02,light rain,-31.6333,-60.7,Conquistador Hotel
332,Srivardhan,IN,89.38,broken clouds,18.0333,73.0167,Savli Resort/Hotel - Shrivardhan
333,Tateyama,JP,61.11,clear sky,34.9833,139.8667,Tateyama Seaside Hotel
338,Pitimbu,BR,75.79,scattered clouds,-7.4706,-34.8086,Reserva do Abia√≠
339,Mahanoro,MG,86.23,clear sky,-19.9,48.8,BUNGALOW MAHAMANINA
340,Bardiyah,LY,65.84,overcast clouds,31.7561,25.0865,ÿ®Ÿàÿ±ÿ™Ÿà ÿ®ÿ±ÿØŸäÿ©
341,Makakilo City,US,75.56,scattered clouds,21.3469,-158.0858,Marriott's Ko Olina Beach Club
344,Pochutla,MX,74.82,clear sky,15.7432,-96.4661,Hotel Posada San Jose
345,Sidney,AU,75.34,moderate rain,-33.8679,151.2073,The Grace Sydney
346,Alenquer,BR,75.54,broken clouds,-1.9417,-54.7383,Josilene Castro
350,Bugama,NG,79.45,overcast clouds,4.7341,6.8635,Johnbull polo
351,Zemio,CF,81.05,clear sky,5.0314,25.1361,OCHA Office
355,Bitung,ID,83.25,scattered clouds,1.4451,125.1824,K2 Lembeh
356,Tartagal,AR,68.23,light rain,-22.5164,-63.8013,Almu√±ecar Hotel
361,Pimenta Bueno,BR,72.1,overcast clouds,-11.6725,-61.1936,Cristalina Palace Hotel
362,Katobu,ID,86.97,broken clouds,-4.9408,122.5276,La Ode Husein
363,Dzaoudzi,YT,85.89,few clouds,-12.7887,45.2699,Le Rocher
364,Kiama,AU,75.38,light rain,-34.6833,150.8667,The Sebel Kiama Harbourside
367,Levin,NZ,62.71,broken clouds,-40.6333,175.275,Levin Kiwi Holiday Park
371,Kaeo,NZ,65.32,light rain,-35.1,173.7833,Bushido Lodge
372,Cabo San Lucas,MX,73.51,overcast clouds,22.8909,-109.9124,Hotel Tesoro Los Cabos
373,Barra Do Bugres,BR,72.39,heavy intensity rain,-15.0725,-57.1811,Hotel 4AM Petrofurt
378,Caucaia,BR,81.03,few clouds,-3.7361,-38.6531,M.O.S. Log√≠stica - Filial Fortaleza
379,Pontes E Lacerda,BR,72.64,overcast clouds,-15.2261,-59.3353,Hotel Bressan
380,Puerto Escondido,MX,76.98,clear sky,15.85,-97.0667,Aldea del Bazar Hotel and Spa
381,Warri,NG,79.14,few clouds,5.5167,5.75,BON Hotel Delta
382,Alta Floresta,BR,70.75,overcast clouds,-9.8756,-56.0861,Floresta Amazonica Hotel
384,Buchanan,LR,76.23,light rain,5.8808,-10.0467,Kamaneahn Hotel Inc
386,Buin,CL,65.73,clear sky,-33.7333,-70.75,Paihuen
390,Cockburn Town,TC,79.36,scattered clouds,21.4612,-71.1419,Osprey Beach Hotel
391,Nizwa,OM,87.3,few clouds,22.9333,57.5333,Orient Apartments
392,George,ZA,62.15,few clouds,-33.963,22.4617,Protea Hotel by Marriott George King George
396,Ahipara,NZ,61.36,overcast clouds,-35.1667,173.1667,Ahipara Holiday Park
399,Mangan,IN,70.25,scattered clouds,27.5167,88.5333,Hotel Mout View
402,Wellsford,NZ,65.89,overcast clouds,-36.2833,174.5167,Sun Valley Motel
403,Takaka,NZ,64.38,scattered clouds,-40.85,172.8,Golden Bay Motels
404,Puerto Ayacucho,VE,73.18,heavy intensity rain,5.6639,-67.6236,Posada Turistica Manapiare
405,Saldanha,ZA,66.25,scattered clouds,-33.0117,17.9442,Blue Bay Lodge
406,Naze,JP,63.52,clear sky,28.3667,129.4833,Shishime Hotel
408,Cabedelo,BR,75.87,scattered clouds,-6.9811,-34.8339,Hotel Pigalle
409,Sambava,MG,82.72,few clouds,-14.2667,50.1667,Melrose
411,Sibolga,ID,85.32,overcast clouds,1.7427,98.7792,Hotel Syariah CN Darussalam
413,Necochea,AR,66.04,clear sky,-38.5473,-58.7368,dyd -mar Hotel
418,San Cristobal,VE,65.7,overcast clouds,7.7669,-72.225,Posada Villaven C.A.
421,Rapar,IN,84.15,few clouds,23.5667,70.6333,Dharamshi Bapa‚Äôs Home
422,Tecpatan,MX,61.23,scattered clouds,17.1333,-93.3,Casa San Miguel
427,Magdiwang,PH,82.63,overcast clouds,12.491,122.5135,Sanctuary Garden Resort
428,Nguru,NG,77.83,broken clouds,12.8791,10.4526,Government Lodge
429,Swan Hill,AU,74.59,broken clouds,-35.3378,143.5544,Lazy River Motor Inn
430,Mackay,AU,83.68,overcast clouds,-21.15,149.2,International Lodge Motel
431,Inyonga,TZ,83.88,few clouds,-6.7167,32.0667,Eden Rock Lodge
434,Praia Da Vitoria,PT,66.76,overcast clouds,38.7333,-27.0667,Hotel Branco I
437,Villa Del Rosario,CO,69.53,overcast clouds,7.8339,-72.4742,Hotel Villas de San Diego
439,Mae Sai,TH,78.04,overcast clouds,20.4335,99.8762,Piyaporn Hill Paradise Hotel
440,Sola,VU,80.33,overcast clouds,-13.8833,167.55,Leumerus Bungalows
441,Dera Bugti,PK,82.76,clear sky,29.0307,69.151,Nawab Bugti House
444,Meulaboh,ID,83.05,light rain,4.1363,96.1285,Kost Pria
449,Namibe,AO,73.27,clear sky,-15.1961,12.1522,Hotel Chik Chik Namibe
450,Moerai,PF,73.92,overcast clouds,-22.4333,-151.3333,Le Manotel
454,Road Town,VG,77.0,clear sky,18.4167,-64.6167,"ZINGARA 76ft Catamaran, full crew-all included"
455,Celestun,MX,70.93,clear sky,20.8667,-90.4,Posada Lilia
456,Paratebueno,CO,70.86,overcast clouds,4.3758,-73.2155,Casa Hotel Paratebueno
461,Ponta Delgada,PT,68.5,broken clouds,37.7333,-25.6667,Vila Nova Hotel
463,Malanje,AO,67.53,overcast clouds,-9.5402,16.341,Malanje Hotel
464,Rabo De Peixe,PT,66.27,broken clouds,37.8,-25.5833,Quinta das Giestas
465,Neyyattinkara,IN,84.06,moderate rain,8.4,77.0833,P.W.D. Rest House
470,Richards Bay,ZA,71.55,clear sky,-28.783,32.0377,BON Hotel Waterfront Richards Bay
471,Mizque,BO,62.76,overcast clouds,-17.941,-65.3402,Hotel Mizque Boutique
473,Iralaya,HN,75.42,overcast clouds,15.0,-83.2333,Iglesia morava renovada
478,Byron Bay,AU,75.15,moderate rain,-28.65,153.6167,Backpackers Inn
480,Pandan,PH,81.45,overcast clouds,14.0453,124.1694,Bonifacio Lodge
481,Haputale,LK,66.79,overcast clouds,6.7681,80.9595,Leisure Mount View Holiday Inn
488,Oussouye,SN,75.34,scattered clouds,12.485,-16.5469,Auberge du Routard
489,Terra Santa,BR,76.84,overcast clouds,-2.1042,-56.4869,Hotel Sarah
490,Guerrero Negro,MX,63.39,clear sky,27.9769,-114.0611,"Casa Laguna, Bed & Breakfast"
493,Mansa,IN,81.48,scattered clouds,29.9833,75.3833,STARiHOTEL Mansa
494,Baldeogarh,IN,81.07,few clouds,24.755,79.0681,Chauhan‚Äôs villa
495,Lahad Datu,MY,87.75,broken clouds,5.0268,118.327,The 27th House
496,Quang Ngai,VN,73.96,overcast clouds,15.1167,108.8,Central Hotel
498,Paragominas,BR,71.28,overcast clouds,-2.9667,-47.4833,INOVA
499,Matamoros,MX,63.1,clear sky,25.5333,-103.25,Quinta Belem
502,Coffs Harbour,AU,73.67,light rain,-30.3,153.1333,Aquajet Motel
503,Tocopilla,CL,63.01,overcast clouds,-22.092,-70.1979,Hotel Galvarino
504,Antalaha,MG,81.66,few clouds,-14.9003,50.2788,Hotel Vitasoa
512,Trairi,BR,80.8,overcast clouds,-3.2778,-39.2689,janelas do mar
518,Ardakan,IR,61.18,clear sky,32.31,54.0175,Ardakan Hotel
519,Bathsheba,BB,77.61,scattered clouds,13.2167,-59.5167,Atlantis Hotel
520,Abong Mbang,CM,73.58,scattered clouds,3.9833,13.1833,Auberge Angle Sur
523,Gorontalo,ID,79.84,moderate rain,0.5412,123.0595,Maqna Hotel by Prasanthi
526,Tura,IN,76.6,clear sky,25.5198,90.2201,Hotel RIKMAN Continental
527,Barahona,DO,75.2,overcast clouds,18.2085,-71.1008,Hotel Caribe
531,Colinas,BR,73.02,overcast clouds,-6.0258,-44.2492,Pousada do Nonatinho
533,Clarence Town,AU,75.15,moderate rain,-32.5833,151.7833,River Downs Cottage
538,Rio De Janeiro,BR,71.91,clear sky,-22.9028,-43.2075,Hotel M√°laga
545,Lima,PE,63.9,overcast clouds,-12.0432,-77.0282,Gran Hotel Bolivar Lima
546,Villa Carlos Paz,AR,70.39,clear sky,-31.4241,-64.4978,Monte Carlo
547,Ciudad Bolivar,VE,76.39,broken clouds,8.1222,-63.5497,Hotel Edi
549,Gurupi,BR,71.53,overcast clouds,-11.7292,-49.0686,Via Norte Hotel
550,Ginda,IN,64.47,clear sky,30.6945,78.4932,Bal uma sankar hotel and restaurant
551,La Libertad,EC,68.72,overcast clouds,-2.2333,-80.9,Playa Canela Hotel Boutique
552,Sorong,ID,85.77,heavy intensity rain,-0.8833,131.25,Waigo Splash Hotel
553,Davila,PH,80.15,overcast clouds,18.4726,120.5763,Blue Ridge Beach Resort
555,Kissidougou,GN,65.77,clear sky,9.1848,-10.0999,H√¥tel Mantis
557,Saint-Georges,GD,78.84,overcast clouds,12.0564,-61.7485,Radisson Grenada Beach Resort
559,Kalangala,UG,70.95,scattered clouds,-0.3089,32.225,Ssese Habitat Resort
562,Sibu,MY,85.44,scattered clouds,2.3,111.8167,RH HOTEL (4 Star)
566,Boa Vista,BR,78.78,clear sky,2.8197,-60.6733,Aipana Plaza Hotel
567,Comodoro Rivadavia,AR,64.26,clear sky,-45.8667,-67.5,Austral Hotel
571,Salinopolis,BR,79.32,broken clouds,-0.6136,-47.3561,Salinas Park Resort Ma√ßarico AP101
572,Orocue,CO,73.47,overcast clouds,4.7912,-71.3354,Hotel Brisas de San Miguel
574,Koutiala,ML,72.93,few clouds,12.3917,-5.4642,Hotel La Chaumiere
575,Omboue,GA,77.59,overcast clouds,-1.5746,9.2618,Hotel Olako
577,Tsabong,BW,77.45,clear sky,-26.0217,22.401,Springbok Motel
579,Puerto Baquerizo Moreno,EC,68.97,broken clouds,-0.9,-89.6,Hotel los Algarrobos
580,Quatre Cocos,MU,81.09,broken clouds,-20.2078,57.7625,Sunrise Attitude Hotel
582,Faya,SA,64.92,clear sky,18.3851,42.4509,ÿßŸÖŸÑÿßŸÉ ÿÆÿßŸÑÿØ ÿßŸÑÿ¥ÿπÿ¥Ÿàÿπ
583,Sindon,PH,73.72,overcast clouds,17.0603,122.0151,SINDUN BAYABO VIEW DECK
584,Camacupa,AO,70.72,overcast clouds,-12.0167,17.4833,seviremde seni
586,Santa Isabel Do Rio Negro,BR,72.52,overcast clouds,-0.4139,-65.0192,Hotel GSA
589,San Vicente,AR,63.91,broken clouds,-26.6167,-54.1333,Complejo Tur√≠stico Farelluk
590,Mareeba,AU,83.44,overcast clouds,-17.0,145.4333,Trinity Plains Tourist Park
591,Kimbe,PG,80.6,light rain,-5.5502,150.1429,Kimbe Bay Hotel
593,Kahului,US,75.85,scattered clouds,20.8947,-156.47,Maui Seaside Hotel
594,Serra,BR,70.47,clear sky,-20.1286,-40.3078,Interior do Estado do Espirito Santo
595,Olinda,BR,78.1,scattered clouds,-8.0089,-34.8553,Hotel Albergue de Olinda
596,Kuching,MY,84.42,scattered clouds,1.55,110.3333,The Ranee Boutique Suites
597,Sherpur,BD,81.45,clear sky,25.0188,90.0175,‡¶ú‡¶æ‡¶Æ‡¶æ‡¶≤‡¶™‡ßÅ‡¶∞ ‡¶Æ‡¶°‡ßá‡¶≤ ‡¶õ‡¶æ‡¶§‡ßç‡¶∞‡¶æ‡¶¨‡¶æ‡¶∏
599,Basco,PH,77.49,overcast clouds,20.4487,121.9702,Nathaniel's Lodge
600,Fare,PF,80.44,clear sky,-16.7,-151.0167,Maitai Lapita Village Huahine
601,Matara,LK,84.07,overcast clouds,5.9485,80.5353,Amaloh Boutique Resort
603,Biltine,TD,75.58,clear sky,14.5333,20.9167,H√¥tel Trois √âtoiles de Biltine
609,Bam,IR,69.76,clear sky,29.106,58.357,Bam Tourist Hotel
611,Altar,MX,63.57,scattered clouds,30.7,-111.8167,Hotel Maria Elena
612,Nakhon Si Thammarat,TH,76.87,light rain,8.25,100.0,‡∏£‡πâ‡∏≤‡∏ô‡πÑ‡∏≠‡∏ã‡πå‡πÇ‡∏°‡∏™‡∏µshop
613,Sinnamary,GF,78.1,broken clouds,5.3833,-52.95,ALETHEIA Appartement Sinnamary
614,Port-Gentil,GA,78.37,overcast clouds,-0.7193,8.7815,Fengshui Residence
616,Kisaran,ID,86.7,overcast clouds,2.9845,99.6158,Penginapan Batubara1
617,Simoes,BR,77.04,broken clouds,-7.5989,-40.8178,Hotel Ponto Certo
618,San Quintin,MX,60.51,clear sky,30.4833,-115.95,Don Eddie's Sport Fishing Center
621,Uniao,BR,77.02,broken clouds,-4.5858,-42.8642,Pousada Uni√£o
624,Namatanai,PG,83.21,broken clouds,-3.6667,152.4333,Seagulls Inn Namatani
625,Kloulklubed,PW,86.5,overcast clouds,7.0419,134.2556,Storyboard Beach Resort
628,Tabuk,PH,73.26,light rain,17.4189,121.4443,Golden Berries Hotel and Convention
634,Gouyave,GD,78.94,overcast clouds,12.1646,-61.7296,Rumboat Retreat
638,Masallatah,LY,64.87,overcast clouds,32.6167,14.0,Mustafa Taher Sowaidan
640,Tuy Hoa,VN,77.34,overcast clouds,13.0833,109.3,CenDeluxe Hotel Tuy Hoa
642,Tonantins,BR,72.97,overcast clouds,-2.8731,-67.8022,Hotel Rei Davi
644,Pemangkat,ID,82.33,overcast clouds,1.1667,108.9667,Ramah Kost KITA
646,Broken Hill,AU,73.22,overcast clouds,-31.95,141.4333,Royal Exchange Hotel
651,Touho,NC,76.89,moderate rain,-20.7833,165.2333,Auberge Timay Evasion
656,Lubango,AO,70.41,scattered clouds,-14.9172,13.4925,Hotel Serra da Chela
658,Abu Kamal,SY,64.65,overcast clouds,34.4506,40.9171,ŸÖÿ≠ÿ∑ÿ© ÿßŸÑÿ™ŸÑŸÅÿßÿ≤
660,Yeppoon,AU,82.18,overcast clouds,-23.1333,150.7333,Villa Mar Colina
661,Dosso,NE,76.77,clear sky,13.049,3.1937,Hotel Toubal
664,Bontang,ID,83.32,moderate rain,0.1333,117.5,KOPKAR Hotel Bintang Sintuk
665,Mbandaka,CD,74.41,overcast clouds,0.0487,18.2603,Guest House Epervier
666,Warrnambool,AU,62.62,overcast clouds,-38.3833,142.4833,Lady Bay Resort
667,Malacacheta,BR,62.13,overcast clouds,-17.8422,-42.0767,Pousada Varanda do Sol
668,Ballina,AU,73.58,moderate rain,-28.8667,153.5667,Ramada Hotel & Suites by Wyndham Ballina Byron
670,Ampanihy,MG,86.67,light rain,-24.7,44.75,Angora Hotel
671,Port Augusta,AU,73.71,light rain,-32.5,137.7667,Majestic Oasis Apartments
673,Tecoanapa,MX,75.2,few clouds,16.5167,-98.75,Hotel Manglares
675,Voh,NC,79.52,moderate rain,-20.9667,164.7,Le g√Æte du Koniambo
676,Carutapera,BR,77.45,broken clouds,-1.195,-46.02,Lidera
684,Bela,IN,78.98,clear sky,25.9333,81.9833,Raj Bhawan
690,Axim,GH,79.56,scattered clouds,4.8699,-2.2405,Axim Beach Resort And Spa
692,Mwinilunga,ZM,67.77,overcast clouds,-11.7358,24.4293,Kwakuwahi Lodge
693,Sassandra,CI,78.37,broken clouds,4.95,-6.0833,la terrasse
696,Hagere Selam,ET,61.34,few clouds,6.4833,38.5167,Tigist Fire Pension
697,Pala,TD,81.59,clear sky,9.3642,14.9046,Nectar H√¥tel de Pala
699,Cairns,AU,88.07,broken clouds,-16.9167,145.7667,Mantra Trilogy Cairns
700,Nelson Bay,AU,75.29,overcast clouds,-32.7167,152.15,Mantra Nelson Bay
704,Macenta,GN,66.04,clear sky,8.5435,-9.471,H√¥tel Yansan√©
705,Jaguaruna,BR,65.71,overcast clouds,-28.615,-49.0256,Pousada Recanto das Flores Jaguaruna
706,Nanakuli,US,75.15,clear sky,21.3906,-158.1547,Camp PƒÅlehua
709,Mount Gambier,AU,66.18,broken clouds,-37.8333,140.7667,The Commodore
710,Sayyan,YE,60.35,broken clouds,15.1718,44.3244,ŸÖÿ™ŸÜÿ≤Ÿá Ÿà ÿ®ÿ≠Ÿäÿ±ÿ© ÿ≥ŸäÿßŸÜ
712,Atar,MR,76.19,overcast clouds,20.5169,-13.0499,Oumou Elghoura
713,Zomin,UZ,63.01,scattered clouds,39.9606,68.3958,Orol hotel
715,Antofagasta,CL,61.88,broken clouds,-23.65,-70.4,"Holiday Inn Express Antofagasta, an IHG Hotel"
716,Cape Canaveral,US,64.04,broken clouds,28.4058,-80.6048,Residence Inn by Marriott Cape Canaveral Cocoa Beach
718,Savannah Bight,HN,78.01,overcast clouds,16.45,-85.85,Villa on Dunbar Rock
719,Misratah,LY,69.62,overcast clouds,32.3754,15.0925,Almasa Hotel
720,Gushikawa,JP,69.8,clear sky,26.3544,127.8686,Kirari Guest House
721,Luzhou,CN,60.98,clear sky,28.8724,105.4405,Shijichun Hotel
723,Rock Sound,BS,73.49,overcast clouds,24.9,-76.2,Rock Sound Club
724,Kampot,KH,87.85,overcast clouds,10.6167,104.1833,Two Moons Hotel
726,Kapoeta,SS,88.63,broken clouds,4.7717,33.5903,Eastgate Hotel
729,Bangad,PH,88.56,broken clouds,15.5036,121.0275,Golden Rosas Retreat House and Catering Services
739,Mirandopolis,BR,73.99,overcast clouds,-21.1336,-51.1017,Hotel Piriquitu's
740,Marsa Matruh,EG,65.35,overcast clouds,31.3525,27.2453,Beau Site
741,Riohacha,CO,76.39,overcast clouds,11.5444,-72.9072,Hotel Taroa
746,Miandrivazo,MG,88.23,scattered clouds,-19.5167,45.4667,H√¥tel Arc En Ciel Miandrivazo
749,Cururupu,BR,75.56,broken clouds,-1.8283,-44.8683,POUSADA TRAV√âS'CIA
751,Acandi,CO,73.63,overcast clouds,8.5063,-77.2778,Hotel Patio Bonito
752,Bubaque,GW,81.97,broken clouds,11.2833,-15.8333,"Casa Dora, Bubaque"
753,Cap Malheureux,MU,81.46,overcast clouds,-19.9842,57.6142,Pereybere Hotel & Spa
754,San Lorenzo,PY,70.74,mist,-25.3333,-57.5333,Hotel del Sur
755,Jacareacanga,BR,74.07,overcast clouds,-6.2222,-57.7528,Casa do Ianüòé
760,Mecca,SA,81.72,clear sky,21.4267,39.8261,"Makkah Clock Royal Tower, A Fairmont Hotel"
762,Joshimath,IN,63.25,clear sky,30.5667,79.5667,Shivalik Camps & Resort
772,Sundumbili,ZA,67.57,broken clouds,-29.1337,31.3975,The Plover Bed and Breakfast
773,Ambon,ID,87.94,scattered clouds,-3.6954,128.1814,Swiss-Belhotel Ambon
774,Tomatlan,MX,69.17,clear sky,19.9333,-105.25,El Salvial
775,Katiola,CI,72.81,overcast clouds,8.1333,-5.1,Auberge Residence Yebin
776,Jeremie,HT,77.43,overcast clouds,18.65,-74.1167,Auberge‚ÄôInn
777,Bilma,NE,75.49,clear sky,18.6853,12.9164,Expeditions T√©n√©re voyages
779,Alofi,NU,78.58,few clouds,-19.0595,-169.9187,Taloa Heights
781,Huarmey,PE,65.89,overcast clouds,-10.0681,-78.1522,Hotel Miramar
782,Chitipa,MW,89.44,overcast clouds,-9.7024,33.2697,Tulipoka Lodges
785,San Juan,AR,74.39,clear sky,-31.5375,-68.5364,Hotel Provincial
786,Bandarbeyla,SO,85.68,scattered clouds,9.4942,50.8122,JABIR HOTEL
789,Dennery,LC,78.89,broken clouds,13.8996,-60.8879,The Fox Grove Inn
794,Panaba,MX,67.91,clear sky,21.2833,-88.2667,Hotel California
795,Itarema,BR,80.89,overcast clouds,-2.9248,-39.9167,"Sea Lounge! Bar, Club & Restaurant"
796,Honiara,SB,82.02,overcast clouds,-9.4333,159.95,Heritage Park Hotel
800,Alugan,PH,82.08,overcast clouds,12.2188,125.4808,JM Lodge
802,Hasaki,JP,61.29,few clouds,35.7333,140.8333,Hotel Sunrise Choshi
806,Vilhena,BR,68.99,light rain,-12.7406,-60.1458,Hotel Mirage
807,Santo Antonio Do Ica,BR,72.86,overcast clouds,-3.1022,-67.9397,HOTEL AMAZON WAY
808,Pacasmayo,PE,65.37,overcast clouds,-7.4006,-79.5714,Hotel Libertad
809,Tautira,PF,78.82,light rain,-17.7333,-149.15,Pension Oaoa
814,Kalmunai,LK,84.29,overcast clouds,7.4167,81.8167,VS Villa
815,Dhanera,IN,85.44,clear sky,24.5167,72.0167,Umiyaji tilesh & senetry
817,Viedma,AR,66.33,broken clouds,-40.8135,-62.9967,Hotel Cristal
818,Kasane,BW,84.88,broken clouds,-17.8167,25.15,The Old House
819,Puerto Palomas,MX,60.13,overcast clouds,31.7667,-107.6167,Hotel San Carlos
820,Bourail,NC,77.47,light rain,-21.5667,165.4833,Motel Allamanda
822,Marsala,IT,60.93,overcast clouds,37.7966,12.4352,Villa Favorita Hotel e Resort
824,San-Pedro,CI,79.18,overcast clouds,4.7485,-6.6363,Hotel Maria
825,Sao Joao Da Barra,BR,70.86,overcast clouds,-21.6403,-41.0511,Pousada Porto De Canoas
830,Kabare,CD,72.36,light rain,-2.4683,28.8242,H√¥tel Panorama
831,Dilla,ET,75.76,scattered clouds,6.41,38.31,Afomiya Pension
832,Gundlupet,IN,83.57,scattered clouds,11.8,76.6833,"1 BR Boutique stay in Melukamanahally, Chamrajnagar (4F3F), by GuestHouser"
834,Caico,BR,77.0,broken clouds,-6.4583,-37.0978,Pousada Para√≠so do Serid√≥
835,Popondetta,PG,83.86,light rain,-8.7537,148.2534,Timos Transit House
838,Ravar,IR,63.46,clear sky,31.2656,56.8055,⁄©ÿßŸÅ€å ŸÜÿ™ Ÿà ⁄©ÿßŸÖŸæ€åŸàÿ™ÿ±Ÿæÿ±ÿ¥€åŸÜ ÿ≥€åÿ≥ÿ™ŸÖ
839,Monte Alegre,BR,73.47,scattered clouds,-2.0078,-54.0692,Hotel Shekinah
840,Sokoto,NG,76.87,clear sky,13.0609,5.239,Shukura Coral Hotel
846,Thabazimbi,ZA,78.21,clear sky,-24.5917,27.4116,Eagle's Rest
848,Gweta,BW,82.47,clear sky,-20.1833,25.2333,Gweta Lodge
850,Biloela,AU,79.92,overcast clouds,-24.4167,150.5,Biloela Silo Motor Inn
855,Alyangula,AU,88.16,overcast clouds,-13.8483,136.4192,Groote Eylandt Lodge
856,Aguada De Pasajeros,CU,62.74,clear sky,22.385,-80.8508,El Bosque
862,Guayaramerin,BO,72.91,overcast clouds,-10.8368,-65.3614,Hostal Funf
863,Hirara,JP,69.96,overcast clouds,24.8,125.2833,Hotel Atoll Emerald Miyakojima
864,Gamboma,CG,73.53,light rain,-1.8764,15.8644,Residence N'Keni
867,Port Keats,AU,89.29,scattered clouds,-14.25,129.55,TDC Village (Hundred Man Camp)
868,Jipijapa,EC,69.3,overcast clouds,-1.3333,-80.5833,Hotel Los Ceibos Jipijapa
869,Yulara,AU,76.84,scattered clouds,-25.2406,130.9889,Desert Gardens Hotel - Ayers Rock Resort
873,Chas,IN,80.15,clear sky,23.6333,86.1667,Hotel Vaibhav
875,Tabora,TZ,86.74,overcast clouds,-5.0167,32.8,Barcelona Lodge
879,Christchurch,NZ,60.91,overcast clouds,-43.5333,172.6333,The George
881,Moron,AR,71.35,clear sky,-34.6534,-58.6198,Hotel Mor√≥n
884,Bocana De Paiwas,NI,67.73,overcast clouds,12.7857,-85.1227,Guapinol Caba√±a Monge
885,Sao Miguel Do Araguaia,BR,72.9,overcast clouds,-13.275,-50.1628,Hotel Executivo Palace
886,Bosaso,SO,81.43,overcast clouds,11.2842,49.1816,Red Sea Hotel
888,Chitungwiza,ZW,77.45,overcast clouds,-18.0127,31.0756,Damview Hotel
889,San Andres,CO,80.62,broken clouds,12.5847,-81.7006,Hotel Arena Blanca
891,Wanning,CN,73.13,overcast clouds,18.8003,110.3967,Paradise Hotel
894,Sungaipenuh,ID,78.94,overcast clouds,-2.0833,101.3833,penginapan citra alam
895,Dabakala,CI,73.78,overcast clouds,8.3667,-4.4333,H√¥tel Campement
896,Clocolan,ZA,62.02,scattered clouds,-28.9137,27.5656,Orsmond Gastehuis
901,Port Shepstone,ZA,66.65,scattered clouds,-30.7414,30.455,My Den Beachfront Bed and Breakfast | Self-Catering
902,Belmonte,BR,73.9,few clouds,-15.8631,-38.8828,Pousada Monte Carmelo O P√£o
903,Harper,LR,79.47,overcast clouds,4.375,-7.7169,Screensaver
904,Maceio,BR,74.64,scattered clouds,-9.6658,-35.7353,Poutur Pousada
905,Kuala Terengganu,MY,76.3,light rain,5.3302,103.1408,Hotel Grand Continental Kuala Terengganu (4 Star)
907,Kanigiri,IN,84.76,broken clouds,15.4,79.5167,COMFORT INN Lodge
909,Nuevo Progreso,MX,70.59,few clouds,23.1667,-97.95,Balneario Rio el Paraiso
910,Inongo,CD,71.51,light rain,-1.95,18.2667,Hotel Du Lac
912,Zambezi,ZM,75.74,overcast clouds,-13.5432,23.1047,Royal Kutachika Lodge
915,Onverwacht,SR,77.86,fog,5.5833,-55.1833,"Overtoom, District Para, Paramaribo"
916,Aswan,EG,70.99,clear sky,24.0934,32.907,Nuba Nile
918,Tezu,IN,78.73,few clouds,27.9167,96.1667,Circuit House
924,Kokopo,PG,82.76,light rain,-4.352,152.2633,Kokopo Beach Bungalow Resort
928,Castelo Do Piaui,BR,74.82,overcast clouds,-5.3222,-41.5525,Nobre Hotel
931,San Rafael Del Sur,NI,75.4,broken clouds,11.8485,-86.4384,Hospedaje El Chino
933,Noumea,NC,80.01,heavy intensity rain,-22.2763,166.4572,H√¥tel Le Lagon
934,Jatiroto,ID,81.41,overcast clouds,-7.8833,111.1167,Mushola Al Huda
935,Chimoio,MZ,79.57,overcast clouds,-19.1164,33.4833,Predio Livraria Ahmed
936,Kodinar,IN,87.51,clear sky,20.7903,70.7031,residency of N.B vadhel
937,Manacapuru,BR,75.78,overcast clouds,-3.2997,-60.6206,Novo Hotel
938,Coahuayana,MX,72.79,few clouds,18.7333,-103.6833,El rranchito michuacan de ocampos
939,Mana,GF,77.95,overcast clouds,5.6592,-53.7767,LE SAMANA
943,Locri,IT,61.16,overcast clouds,38.2414,16.2623,Grand Hotel President
944,Port Macquarie,AU,72.9,overcast clouds,-31.4333,152.9167,Rydges Port Macquarie
945,Mananjary,MG,87.98,few clouds,-21.2167,48.3333,Vahiny Lodge
947,Soyo,AO,79.79,overcast clouds,-6.1349,12.3689,Hotel Mpampa
953,Puerto Narino,CO,72.09,overcast clouds,-3.7703,-70.3831,Eware Refugio Amazonico
956,Champerico,GT,79.03,clear sky,14.3,-91.9167,"Hotel y restaurante ""El Diamante"""
959,Daru,PG,84.97,clear sky,-9.0763,143.2092,Daru Lodge
960,Paita,PE,64.96,overcast clouds,-5.0892,-81.1144,Hotel N√°utico de Paita
961,Cowra,AU,74.26,light rain,-33.8333,148.6833,Cowra Motor Inn
962,Sakakah,SA,63.97,scattered clouds,29.9697,40.2064,Fakhamat Al Orjoana Apartment
966,Auki,SB,81.34,overcast clouds,-8.7676,160.7034,Auki Motel
970,Manicore,BR,73.31,scattered clouds,-5.8092,-61.3003,Hotel Durval
971,Gladstone,AU,80.53,light rain,-23.85,151.25,Highpoint International
972,Kutum,SD,66.96,clear sky,14.2,24.6667,Dibbo areaŸÖŸÜÿ∑ŸÇÿ© ÿØÿ®Ÿà
974,Alamogordo,US,62.56,scattered clouds,32.8995,-105.9603,Fairfield Inn & Suites by Marriott Alamogordo
980,Springbok,ZA,69.73,overcast clouds,-29.6643,17.8865,Undulata Country Lodge
983,Vieques,PR,77.02,few clouds,18.425,-65.8329,"The St. Regis Bahia Beach Resort, Puerto Rico"
984,Batemans Bay,AU,75.99,overcast clouds,-35.7167,150.1833,Batemans Bay Marina Resort
986,Alice Springs,AU,80.15,broken clouds,-23.7,133.8833,Desert Palms Alice Springs
988,Xiamen,CN,69.85,clear sky,24.4798,118.0819,Xiamen Dongchen Hotel
990,Aden,YE,81.09,scattered clouds,12.7794,45.0367,Sama Emirate Hotel
992,Camana,PE,66.07,moderate rain,-16.6228,-72.7111,Hostal Morales
995,Kathmandu,NP,68.22,few clouds,27.7167,85.3167,Hotel Shanker Kathmandu
996,Franca,BR,65.64,scattered clouds,-20.5386,-47.4008,Imperador Palace Hotel
1007,Weligama,LK,83.66,overcast clouds,5.9667,80.4167,Weligama Bay Resort
1010,Manaure,CO,78.21,overcast clouds,11.7751,-72.4445,Hotel Palaaima
1014,Denpasar,ID,87.46,scattered clouds,-8.65,115.2167,ASTON Denpasar Hotel & Convention Center
1016,Sidhi,IN,79.88,clear sky,24.4167,81.8833,Kamdhenu Sweets
1018,Ormara,PK,81.01,overcast clouds,25.2088,64.6357,Crystal Beach and Camping Resort Ormara
1019,Vung Tau,VN,84.11,overcast clouds,10.346,107.0843,Green hotel
1022,Miri,MY,86.14,scattered clouds,4.4148,114.0089,"Mega Hotel, Miri"
1024,Bayji,IQ,65.21,broken clouds,34.9311,43.487,ŸÖÿ±ŸàÿßŸÜ /ÿπÿØŸÜÿßŸÜ
1025,Mariakani,KE,86.09,few clouds,-3.8633,39.4736,The County Luxury Comfort Hotels Ltd
1031,Mathathane,BW,74.39,clear sky,-22.2687,28.7495,Selepswe Resort
1032,Bahia De Caraquez,EC,73.58,overcast clouds,-0.6,-80.4167,Saiananda Eco-Hotel
1035,Kumluca,TR,61.68,scattered clouds,36.3703,30.2869,TurkuazK√∂y
1038,Amahai,ID,85.42,broken clouds,-3.3333,128.9167,HOTEL ISABELA
1039,Calvinia,ZA,63.79,overcast clouds,-31.4707,19.776,Die Lemoenhuis
1045,Lhokseumawe,ID,84.13,overcast clouds,5.1801,97.1507,OYO 3278 Penginapan Alfajri
1047,Mizan Teferi,ET,77.76,clear sky,6.9833,35.5833,Hotel Salayish | ·àÜ·â¥·àç ·à≥·àã·ã≠·àΩ
1049,Bageshwar,IN,69.73,clear sky,29.85,79.7667,Danu Janral Store
1052,Bima,ID,86.47,light rain,-8.4667,118.7167,Lambitu Hotel
1053,Nicoya,CR,70.52,overcast clouds,10.1483,-85.452,Las Cabinas Del Sue√±o
1054,Mayumba,GA,77.65,moderate rain,-3.432,10.6554,LIKWALE LODGE
1060,Marsh Harbour,BS,69.64,overcast clouds,26.5412,-77.0636,Abaco Beach Resort
1066,Kralendijk,BQ,78.78,few clouds,12.15,-68.2667,Divi Flamingo Beach Resort & Casino
1067,Canton,CN,73.99,clear sky,23.1167,113.25,Guangzhou Hotel
1071,Salvador,SV,73.8,broken clouds,13.8333,-88.9167,Chico's Ranch
1072,Jacmel,HT,73.24,overcast clouds,18.2342,-72.5347,Historic Hotel Florita
1074,Kondoa,TZ,83.57,few clouds,-4.9,35.7833,Kinyuma Lodge
1075,That Phanom,TH,82.6,broken clouds,16.9364,104.7104,‡∏ì ‡∏ò‡∏≤‡∏ï‡∏∏‡∏û‡∏ô‡∏°‡πÄ‡∏û‡∏•‡∏™ Na That Panom Place Hotel
1076,Amuntai,ID,84.69,overcast clouds,-2.4177,115.2494,Hotel Balqis
1077,Puerto Vallarta,MX,70.7,few clouds,20.6204,-105.2307,Sheraton Buganvilias Resort & Convention Center
1078,Bataipora,BR,74.62,overcast clouds,-22.2953,-53.2711,Hotel Vale do Ivinhema
1079,Haifa,IL,70.21,clear sky,32.8156,34.9892,Dan Panorama Haifa Hotel
1080,Saint-Joseph,RE,84.56,scattered clouds,-21.3667,55.6167,"""Plantation Bed and Breakfast"
1081,Vila Franca Do Campo,PT,67.19,overcast clouds,37.7167,-25.4333,Pestana Bahia Praia
1084,Chanika,TZ,89.01,scattered clouds,-5.4167,38.0167,New Rombo Green Hotel
1086,Torit,SS,89.92,few clouds,4.4133,32.5678,Diplomat Guest House
1087,Thap Than,TH,79.07,overcast clouds,15.4606,99.8917,‡∏Ç‡∏ß‡∏±‡∏ç‡πÄ‡∏£‡∏∑‡∏≠‡∏ô ‡∏Ç‡∏≥‡∏™‡∏∏‡∏Ç
1091,Kieta,PG,83.32,scattered clouds,-6.2167,155.6333,Uruna Bay Retreat
1095,Baculin,PH,80.83,light rain,7.4525,126.5842,Baculin Cove Beach Resort
1100,Grajau,BR,73.76,broken clouds,-5.8194,-46.1386,Hotel Confian√ßa
1102,Namanga,KE,78.58,few clouds,-2.5433,36.7905,Hillsgate Home
1103,Martapura,ID,82.49,scattered clouds,-3.4167,114.85,Montana Hotel Syariah
1105,Sao Sebastiao,BR,71.51,overcast clouds,-23.76,-45.4097,Hotel Recanto dos P√°ssaros
1106,Sao Gabriel Da Cachoeira,BR,72.7,overcast clouds,-0.1303,-67.0892,Alarne - √Årea De Lazer Do Alto Rio Negro
1108,Narasannapeta,IN,84.54,scattered clouds,18.4167,84.05,G.lingaraju home
1110,Chepareria,KE,75.27,few clouds,1.3077,35.2039,Hamza Lodge
1112,Itaueira,BR,73.35,clear sky,-7.6033,-43.0256,Pousada e Restaurante Cheiro e Sabor
1114,Isiolo,KE,81.79,clear sky,0.3546,37.5822,Gaddisa Hotel
1115,Kilindoni,TZ,82.47,broken clouds,-7.9139,39.6668,Bustani B&B
1116,Pyapon,MM,87.42,few clouds,16.2833,95.6833,Aung Naing Thu Motel
1118,Coatzacoalcos,MX,72.43,few clouds,18.15,-94.4167,Parque Inn Hotel & Suites
1120,Itanagar,IN,75.83,scattered clouds,27.1,93.6167,Hotel Moomsie Itanagar
1122,Benguela,AO,79.68,overcast clouds,-12.5763,13.4055,Hotel Praia Morena
1124,Bolgatanga,GH,76.93,broken clouds,10.7856,-0.8514,Mama's Place
1130,Tabas,IR,65.61,clear sky,33.5959,56.9244,ÿ¥ÿ±⁄©ÿ™ ŸÖÿπŸÖÿßÿ±€å ŸÖŸáÿ±ÿßÿ≤ ÿ¥ÿß€å⁄ØÿßŸÜ ÿ¢ÿ±ÿßÿØ
1131,Ritchie,ZA,65.41,few clouds,-29.038,24.6028,Riverside Country Club Modderrivier
1132,Salina Cruz,MX,74.41,clear sky,16.1667,-95.2,Amerik HOTEL
1135,Tianmen,CN,66.29,few clouds,30.6516,113.1603,Tianmen Luyu Hotel
1137,Plettenberg Bay,ZA,62.17,overcast clouds,-34.0527,23.3716,Thanda Vista B&B
1138,Candelaria,PH,84.83,broken clouds,13.9311,121.4233,Casa de Provincia
1139,Mazatan,MX,75.27,broken clouds,14.8667,-92.45,Jose Luis Villalobos De La Cruz
1141,Loandjili,CG,79.38,light rain,-4.7561,11.8578,R√©sidence ARCHANGE
1142,Samana,DO,74.98,overcast clouds,19.2056,-69.3369,The Bannister - Hotel & Yacht Club
1144,High Rock,BS,66.22,overcast clouds,26.6208,-78.2833,Hideaway Bahamas Beach Club
1148,Tutoia,BR,79.97,scattered clouds,-2.7619,-42.2744,Pousada Guar√°'s
1150,Dejen,ET,61.86,scattered clouds,10.1667,38.1333,MAFLAB International Hotel
1151,Rubidoux,US,61.11,clear sky,33.9961,-117.4056,Marriott Riverside at the Convention Center
1152,Bajos De Haina,DO,75.16,overcast clouds,18.4154,-70.0332,Familia Garc√≠a Santana
1155,Ewa Beach,US,75.15,clear sky,21.3156,-158.0072,Uncle Junior Robert
1157,Tiarei,PF,78.82,broken clouds,-17.5333,-149.3333,Le Rocher de Tahiti
1160,Najran,SA,74.05,scattered clouds,17.4924,44.1277,ŸÖÿ≠ŸÖÿØ ŸáÿßÿØŸä ÿßŸÑ ŸÅÿ∑Ÿäÿ≠
1163,San Blas,MX,75.58,overcast clouds,21.5167,-105.2667,Hotel Posada del Rey
1164,Luwuk,ID,82.65,overcast clouds,-0.9516,122.7875,Hotel Santika Luwuk
1165,Ilheus,BR,71.28,scattered clouds,-14.7889,-39.0494,Barravento Hotel
1168,Banepa,NP,66.52,few clouds,27.6298,85.5214,Dhulikhel Lodge Resort
1169,Morro Bay,US,60.78,overcast clouds,35.3658,-120.8499,Inn at Morro Bay
1172,Kuchinarai,TH,87.71,broken clouds,16.541,104.05,‡πÇ‡∏£‡∏á‡πÅ‡∏£‡∏°‡πÅ‡∏™‡∏á‡∏ä‡∏±‡∏¢
1173,Gawler,AU,76.51,light rain,-34.6,138.7333,Eagle Foundry Bed & Breakfast
1174,Jibuti,DJ,81.82,broken clouds,11.5,42.5,Orchid Main Camp Goubet
1176,Rawah,IQ,64.4,broken clouds,34.4816,41.9093,ÿØŸäŸàÿßŸÜ ÿßŸÑÿ¥ŸäÿÆ ŸÜÿßŸÖŸÇ ŸÖÿ≠ÿ≥ŸÜ ÿßŸÑÿ±ÿßŸàŸä
1177,Tikamgarh,IN,81.1,clear sky,24.745,78.8333,White House
1178,Vanimo,PG,81.79,light rain,-2.6741,141.3028,Vahmoneh Lodge Vanimo
1179,Trujillo,PE,65.97,overcast clouds,-8.116,-79.03,Casa Andina Standard Trujillo Plaza
1181,Abnub,EG,67.84,broken clouds,27.2696,31.1511,Romany Adly Gad
1182,Baghmara,IN,79.92,clear sky,23.795,86.2085,Shankar tea shop
1183,Doha,QA,82.38,clear sky,25.2867,51.5333,Movenpick Hotel Doha
1184,Owando,CG,73.06,overcast clouds,-0.4819,15.8999,Exaunel Hotel Owando
1188,Riberalta,BO,74.84,overcast clouds,-10.9833,-66.1,Hotel Colonial
1197,Maragogi,BR,76.73,overcast clouds,-9.0122,-35.2225,Salinas do Maragogi All Inclusive Resort
1198,Ures,MX,67.28,overcast clouds,29.4333,-110.4,Hotel HACIENDA San Francisco
1199,Sabang,ID,82.56,overcast clouds,5.8933,95.3214,Hotel Citra
1202,Kang,BW,77.5,clear sky,-23.6752,22.7876,Kang Ultra Stop
1203,Kiunga,PG,80.92,overcast clouds,-6.1219,141.2906,Airport Lodge Kiunga
1204,Hit,IQ,66.47,overcast clouds,33.6416,42.8251,ÿµÿßŸÑŸàŸÜ ÿ≤Ÿäÿ±Ÿà
1205,Benalla,AU,73.15,overcast clouds,-36.55,145.9833,Rose City Motor Inn
1208,Sao Geraldo Do Araguaia,BR,73.06,broken clouds,-6.4006,-48.555,Hotel Por do Sol
1209,Campina Grande Do Sul,BR,62.53,overcast clouds,-25.3056,-49.0553,Ch√°cara Espa√ßo Dorigon
1211,Touba,CI,70.38,clear sky,8.2833,-7.6833,Hotel de L'Amiti√© Vraie
1212,Ojinaga,MX,63.55,clear sky,29.5667,-104.4167,Suites Las Palmas
1213,Taranagar,IN,82.27,clear sky,28.6709,75.0351,Jyani Plaza
1214,Sur,OM,86.14,clear sky,22.5667,59.5289,Sur Plaza Hotel
1215,Labuhan,ID,88.99,overcast clouds,-6.8844,112.2051,PT PPI Lamongan Tambak C
1217,Itapirapua,BR,71.92,light rain,-15.8233,-50.6133,Hotel Nossa Senhora Aparecida
1218,Burla,IN,88.54,clear sky,21.5,83.8667,VSSUT Guest House
1219,Huejuquilla El Alto,MX,60.01,overcast clouds,22.6,-103.8667,Hotel Huexuquillan
1222,Luanda,AO,78.57,overcast clouds,-8.8368,13.2343,Hotel F√≥rum
1223,Langsa,ID,86.63,overcast clouds,4.4683,97.9683,OYO 2964 Hotel Ridho
1224,Talara,PE,67.42,overcast clouds,-4.5772,-81.2719,Hostal Oro Negro
1225,Niquero,CU,75.34,broken clouds,20.0431,-77.5828,Islazul Niquero
1226,Marawi,PH,76.64,overcast clouds,7.9986,124.2928,Derogongan Residence
1227,Pithapuram,IN,89.92,overcast clouds,17.1167,82.2667,Dhanamjay
1228,Buta,CD,80.83,few clouds,2.7858,24.73,HOTEL BISO NA BISO
1230,Yenagoa,NG,77.99,overcast clouds,4.9247,6.2642,Aridolf Resort Wellness and Spa
1231,Khairagarh,IN,77.76,clear sky,26.95,77.8167,Saleem Bhai Fruit Co.
1233,Santa Cruz,BO,72.86,broken clouds,-17.8,-63.1667,Aviador Hotel Boutique
1234,Asuncion,PY,71.04,fog,-25.3007,-57.6359,"Crowne Plaza Asuncion, an IHG Hotel"
1236,Manjacaze,MZ,75.43,broken clouds,-24.7117,33.8828,Hotel Gani
1237,Kailua,US,75.18,scattered clouds,21.4022,-157.7394,Sheffield House Bed & Breakfast
1238,Dong Hoi,VN,64.45,overcast clouds,17.4833,106.6,Nam Long Hotel
1240,Rongcheng,CN,60.91,clear sky,30.634,117.8517,Shell Shandong Liaocheng Development District South Huangshan Road Hotel
1243,Aransas Pass,US,71.96,clear sky,27.9095,-97.15,Microtel Inn & Suites by Wyndham Aransas Pass/Corpus Christi
1248,Tanete,ID,88.81,overcast clouds,-3.9443,119.7848,Wisma Tri Multi
1252,Biak,ID,81.18,moderate rain,-0.9131,122.8766,Penginapan Kim
1254,Chauk,MM,83.97,clear sky,20.8833,94.8167,Bo Khin Guest House
1257,Swellendam,ZA,66.58,overcast clouds,-34.0226,20.4417,De Kloof Luxury Estate boutique Hotel & SPA
1258,Lujan,AR,64.94,clear sky,-34.5703,-59.105,Hotel Biarritz
1260,Potchefstroom,ZA,70.2,clear sky,-26.7167,27.1,Melrose Place Guestrooms
1272,Kawalu,ID,85.44,overcast clouds,-7.3817,108.2082,KOSAN UNGU UNSIK
1273,Diffa,NE,79.0,overcast clouds,13.3154,12.6113,ProDAF/Diffa
1275,Launceston,AU,73.04,overcast clouds,-41.45,147.1667,Hotel Grand Chancellor Launceston
1276,Kattivakkam,IN,89.69,overcast clouds,13.2167,80.3167,Euronova Freezer
1278,Puerto Colombia,CO,78.89,overcast clouds,10.9878,-74.9547,Hotel El Emigrante
1280,Babu,CN,64.11,few clouds,24.4167,111.5167,IU Hotel Hezhou Bus Terminal
1282,Khash,IR,70.5,clear sky,28.2211,61.2158,ÿØŸÅÿ™ÿ± Ÿæ€åÿ¥ÿÆŸàÿßŸÜ ÿØŸàŸÑÿ™ ÿ¨ŸÖÿßŸÑ ÿ≤Ÿá€å (ÿÆÿßŸÑÿØ)
1283,Mahibadhoo,MV,81.7,overcast clouds,3.7833,72.9667,Omadhoo Inn
1284,Bac Lieu,VN,85.39,overcast clouds,9.285,105.7244,Kh√°ch s·∫°n S√†i G√≤n B·∫°c Li√™u
1285,Meiganga,CM,76.68,clear sky,6.5167,14.3,DFR HOUSE
1293,Gold Coast,AU,78.28,broken clouds,-28.0,153.4333,Mantra Towers of Chevron Surfers Paradise
1295,Charters Towers,AU,85.73,overcast clouds,-20.1,146.2667,Cattleman's Rest Motor Inn
1297,General Jose Eduvigis Diaz,PY,70.09,few clouds,-27.1667,-58.4167,Hotel Tala Puera
1300,Itoman,JP,70.57,few clouds,26.1247,127.6694,Southern Beach Hotel & Resort Okinawa
1303,Manggar,ID,78.15,moderate rain,-2.8833,108.2667,Guest Hotel
1306,Marsabit,KE,74.64,broken clouds,2.3284,37.9899,Chicho Hotel
1309,Alwar,IN,78.82,clear sky,27.5667,76.6,Hotel Aashyana Alwar
1310,Jawhar,SO,88.65,clear sky,2.7809,45.5005,hantiwadaag village part one
1311,Pindobacu,BR,70.18,broken clouds,-10.7417,-40.3608,Hotel Valmont
1312,Capao Da Canoa,BR,61.95,clear sky,-29.7456,-50.0097,Hotel Ara√ß√°
1313,Kerema,PG,83.57,scattered clouds,-7.9631,145.7785,Frena Lodge
1315,Anuradhapura,LK,81.81,overcast clouds,8.3565,80.4173,Nilketha Villa Eco Hotel
1316,Rosarito,MX,60.1,clear sky,32.3333,-117.0333,Hotel Festival Plaza Rosarito
1317,Vaitape,PF,80.89,scattered clouds,-16.5167,-151.75,Conrad Bora Bora Nui
1319,Sehithwa,BW,85.48,clear sky,-20.4667,22.7167,MONLEK GUEST HOUSE
1321,Vicosa,BR,62.19,few clouds,-20.7539,-42.8819,Vivant Residence
1329,Mudgee,AU,73.45,broken clouds,-32.5943,149.5871,Parklands Resort & Conference Centre
1330,Giyani,ZA,72.28,scattered clouds,-23.3025,30.7187,Kulani Country Lodge
1332,Marsaxlokk,MT,60.08,few clouds,35.8419,14.5431,Water's Edge
1333,Sikonge,TZ,87.21,few clouds,-5.6333,32.7667,Pretoria 2 Lodge
1334,Dao,PH,79.54,overcast clouds,11.3937,122.6856,Mr. Rolando Tolores Jr.
1336,Nhamunda,BR,76.51,overcast clouds,-2.1861,-56.7131,Pousada Da Praia
1337,Puerto Carreno,CO,76.12,heavy intensity rain,6.189,-67.4859,Casa Hotel Victoria
1338,Burnie,AU,63.72,light rain,-41.0667,145.9167,Beachfront Voyager Motor Inn
1340,Nuevo Imperial,PE,64.76,overcast clouds,-13.0754,-76.3172,Hotel Konford
1341,Nandgaon,IN,86.2,clear sky,20.3167,74.65,"Girl's hostel, Nandgaon"
1342,Kipini,KE,86.29,scattered clouds,-2.5257,40.5262,Delta Sea Mall
1343,Desert Hot Springs,US,63.23,clear sky,33.9611,-116.5017,Sea Mountain Luxury Nude Resort and Spa Hotel
1347,Canchungo,GW,77.13,overcast clouds,12.0672,-16.0333,Aparthotel Napalach
1348,Kualakapuas,ID,82.56,overcast clouds,-3.0091,114.3876,Guest House Izonk
1350,Turbat,PK,88.7,clear sky,26.0023,63.044,Mubashar Quarters
1352,Mazagao,BR,78.85,scattered clouds,-0.115,-51.2894,Recanto dos Ferreiras
1357,Kyaikkami,MM,84.83,overcast clouds,16.08,97.5675,St. joseph catholic church
1359,Morant Bay,JM,78.42,scattered clouds,17.8815,-76.4093,Whispering Bamboo Cove Resort
1361,Redcliffe,AU,79.0,broken clouds,-27.2307,153.0973,Redvue Apartments
1364,Te Kauwhata,NZ,67.84,scattered clouds,-37.4,175.15,Jonios Olive Grove Estate & Accommodation
1367,Sucua,EC,67.05,light rain,-2.4667,-78.1667,Hotel Orellana
1371,Nabire,ID,82.63,overcast clouds,-3.3667,135.4833,Hotel Nusantara Nabire
1373,Dubbo,AU,78.93,scattered clouds,-32.25,148.6167,Comfort Inn Blue Lagoon
1374,Camocim,BR,78.03,overcast clouds,-2.9022,-40.8411,Ilha Praia Hotel
1375,Kandrian,PG,80.78,moderate rain,-6.2167,149.55,Kandrian Station
1376,Sampit,ID,81.86,overcast clouds,-2.5333,112.95,Aquarius Boutique Hotel Sampit
1378,Conde,BR,72.86,few clouds,-7.2597,-34.9075,Pousada Beija Flor
1380,Panique,PH,83.3,overcast clouds,12.4797,122.0153,Panique Cove Resort
1383,Manzanillo,CU,71.92,broken clouds,20.3433,-77.1167,"HOSTAL ""THE YELLOW HOUSE"""
1385,Jaisinghnagar,IN,80.73,clear sky,23.7,81.3833,Sonu Up Dhawa
1386,Waingapu,ID,85.93,overcast clouds,-9.6567,120.2641,Pondok Wisata Elim
1387,Livingstonia,MW,80.02,broken clouds,-10.606,34.1063,Stone House Guest House
1390,Tekkali,IN,84.45,scattered clouds,18.6167,84.2333,Trinath Gantayat
1393,Oistins,BB,77.09,scattered clouds,13.0667,-59.5333,Butterfly Beach Hotel
1396,Kaikalur,IN,88.02,overcast clouds,16.5667,81.2,Murali Krishna Donepudi
1398,Bartica,GY,77.32,broken clouds,6.4,-58.6167,Sloth Island Nature Resort
1400,Nosy Varika,MG,86.43,clear sky,-20.5833,48.5333,Hotel Volazara
1401,Morondava,MG,83.97,scattered clouds,-20.2833,44.2833,La Case Bambou
1403,Punta Alta,AR,73.42,clear sky,-38.8759,-62.0736,Center Hotel Punta Alta
1405,Progreso,MX,68.11,clear sky,21.2833,-89.6667,Playa Linda Hotel
1406,Soverato,IT,60.71,few clouds,38.685,16.5499,Hotel San Domenico
1409,Bure,ET,68.92,broken clouds,10.7,37.0667,Holiday
1410,Muhoroni,KE,80.96,clear sky,-0.1541,35.1988,Rosa Gardens Hotel -Muhoroni
1413,Port Moresby,PG,83.19,scattered clouds,-9.4431,147.1797,Lamana Hotel (Port Moresby)
1414,Bonthe,SL,78.53,scattered clouds,7.5264,-12.505,Bonthe Holiday Village
1416,Barreiras,BR,68.85,overcast clouds,-12.1528,-44.99,Pr√≠ncipe Hotel
1422,Eyl,SO,89.53,scattered clouds,7.9803,49.8164,Amiin Hotel
1423,Almirante,PA,76.89,overcast clouds,9.3,-82.4,Hotel 888
1424,Kaoma,ZM,82.47,broken clouds,-14.7833,24.8,KAOMA AIRPORT
1426,Mananara,MG,84.47,scattered clouds,-16.1667,49.7667,Chez Roger
1430,Kenda,IN,81.55,clear sky,23.2,86.5333,Gouranga Hindu Hotel
1431,Huicheng,CN,71.55,clear sky,23.0385,116.2899,Huilai Hotel
1432,Tevaitoa,PF,80.56,few clouds,-16.7833,-151.5,H√¥tel Raiatea Lodge
1435,Vao,NC,74.25,overcast clouds,-22.6667,167.4833,Hotel Kou-Bugny
1437,Pilar,BR,73.33,broken clouds,-9.5972,-35.9567,Pousada e churrascaria Manguaba
1439,Balkanabat,TM,62.44,clear sky,39.5108,54.3671,Nebitchi Hotel
1441,Banda Aceh,ID,83.57,overcast clouds,5.5577,95.3222,Sulthan Hotel International
1442,Abu Dhabi,AE,86.11,clear sky,24.4667,54.3667,Ramee Garden Hotel Apartments
1443,Keningau,MY,83.75,broken clouds,5.3378,116.1602,Sabindo Hotel
1445,Ban Pong,TH,83.82,overcast clouds,13.8163,99.8774,Pak Ping Ing Jai Resort
1449,Gombe,NG,80.29,scattered clouds,10.2897,11.1673,Shinani Lodge
1451,Jumla,NP,60.4,clear sky,29.2747,82.1838,Royal Garden Hotel
1452,Rio Cuarto,AR,67.68,clear sky,-33.1307,-64.3499,Grand Hotel R√≠o Cuarto
1456,Ndungu,TZ,86.47,clear sky,-4.3667,38.05,Nick Resort
1457,Whitianga,NZ,64.02,scattered clouds,-36.8333,175.7,Beachside Resort Whitianga
1459,Itimadpur,IN,78.39,clear sky,27.25,78.2,Palm Galaxy
1463,Parati,BR,69.26,overcast clouds,-23.2178,-44.7131,Che Lagarto Paraty
1464,Coromandel,BR,67.73,few clouds,-18.4733,-47.2003,Hotel Dona Ad√©lia
1466,Rodrigues Alves,BR,71.31,overcast clouds,-7.738,-72.6509,Pousada Aconchego
1470,Pucallpa,PE,71.67,light rain,-8.3791,-74.5539,Hospedaje Komby
1471,Iaciara,BR,67.03,overcast clouds,-14.0958,-46.6317,Hotel Matinha
1472,Nchelenge,ZM,77.27,overcast clouds,-9.3451,28.734,KD Travellers Home
1473,Cristalina,BR,63.39,broken clouds,-16.7686,-47.6136,HOTEL TOPAZIO
1475,Xam Nua,LA,68.38,broken clouds,20.4197,104.0439,Xee Wang Guesthouse
1479,Baleshwar,IN,84.88,clear sky,21.4942,86.9317,Banjara Hotels Pvt Ltd
1481,Abha,SA,64.65,clear sky,18.2164,42.5053,Abha Hotel
1487,Lano,NG,81.3,broken clouds,10.1725,11.4715,Lano
1491,Porbandar,IN,89.58,clear sky,21.6422,69.6093,Lords Inn Porbandar
1493,Manta,EC,73.18,overcast clouds,-0.95,-80.7333,Balandra Hotel
1498,Portmore,JM,78.76,few clouds,17.9702,-76.8672,Salmon Way Inn
1499,Lebowakgomo,ZA,63.5,clear sky,-24.2,29.5,Chuene Resort
1502,Tacoronte,ES,66.22,clear sky,28.4769,-16.4102,Casa Laurel
1504,Manavalakurichi,IN,84.29,moderate rain,8.1333,77.3,Muttom beach west
1505,Tamandare,BR,77.56,broken clouds,-8.7597,-35.1047,Pousada 100 Passos
1507,Amboasary,MG,85.84,scattered clouds,-25.0333,46.3833,DISCOVERY AMBOASARY
1511,Beterou,BJ,80.13,overcast clouds,9.1992,2.2586,Monast√®re de Kokoubou
1514,Sao Jose Da Coroa Grande,BR,77.56,overcast clouds,-8.8978,-35.1478,Cr√¥a Mares Hotel
1516,Pozo Colorado,PY,73.54,moderate rain,-23.4923,-58.7972,Hospedaje la Amistad
1518,Annau,TM,63.9,clear sky,37.8876,58.516,"–ì–æ—Å—Ç–∏–Ω–∏—Ü–∞ ""–£—Å—Å–∞—Ç –∏–Ω–∂–µ–Ω–µ—Ä"""
1520,Atambua,ID,81.55,overcast clouds,-9.1061,124.8925,Pastori 1 Jemaat Polycarpus
1523,Zarate,AR,64.94,clear sky,-34.0981,-59.0286,Departamento c√©ntrico 2 ambientes 45 mt2 en Z√°rate
1525,Jiangdu,CN,61.9,clear sky,32.4286,119.5574,Super 8 Hotel ÔºàJiangdu Xiancheng BranchÔºâ Parking Lot
1527,Bulawayo,ZW,84.2,clear sky,-20.15,28.5833,4 On Housman Backpackers
1528,Formosa,AR,71.58,clear sky,-26.1775,-58.1781,Hotel Portal del Sol
1530,Mersing,MY,78.71,light rain,2.4312,103.8405,Timotel Hotel
1532,Catende,BR,75.87,overcast clouds,-8.6667,-35.7167,Abrigo Santo Antonio
1534,Bundaberg,AU,79.21,broken clouds,-24.85,152.35,Takalvan Motel
1535,Gazojak,TM,60.03,clear sky,41.1875,61.4036,In gowy adamlary√± ya≈õayan oyi
1539,Sao Miguel,BR,77.32,overcast clouds,-5.4667,-35.3667,Maracaja√∫ Reef
1540,Villa Maria,AR,65.84,clear sky,-32.4075,-63.2402,Hotel Milenium
1541,Lakes Entrance,AU,63.21,moderate rain,-37.8811,147.981,The Esplanade Resort & Spa
1542,Hefei,CN,66.22,clear sky,31.8639,117.2808,Jinhuan Hotel
1551,Dakar,SN,75.33,overcast clouds,14.6937,-17.4441,Redface Studios Meubl√©s
1553,Beruwala,LK,81.72,overcast clouds,6.4788,79.9828,The Palms Hotel
1554,Luau,AO,76.96,overcast clouds,-10.7073,22.2247,Casa- Bernardo C√¢ndido
1555,Cozumel,MX,72.95,clear sky,20.5083,-86.9458,Cozumel Palace¬Æ All Inclusive Resort
1557,Pokhara,NP,65.98,broken clouds,28.2333,83.9833,Butterfly Lodge
1558,Fuerte Olimpo,PY,73.65,overcast clouds,-21.0415,-57.8738,Hospedaje DAMI
1559,Charagua,BO,67.87,overcast clouds,-19.8,-63.2167,Hotel
1560,Yarada,IN,88.12,few clouds,17.65,83.2667,Vishranti
1561,Anaco,VE,72.01,overcast clouds,9.4389,-64.4728,SAIVEN MALL (SAIVEN C.A.)
1568,San Martin,AR,72.14,clear sky,-33.081,-68.4681,Club El Pel√≠cano
1570,Banyo,CM,78.37,overcast clouds,6.75,11.8167,Motel JOMBA
1579,Panormos,GR,69.66,few clouds,35.4182,24.6909,Kirki Village ŒûŒµŒΩŒøŒ¥ŒøœáŒµŒØŒø
1582,Whakatane,NZ,61.77,scattered clouds,-37.9585,176.9854,Pacific Coast Motel
1584,Takoradi,GH,82.11,scattered clouds,4.8845,-1.7554,Raybow International Hotel
1586,Mandiana,GN,74.1,few clouds,10.6333,-8.6833,Motels rouzo
1593,Todos Santos,MX,73.0,overcast clouds,23.45,-110.2167,Hotel California Todos Santos
1595,Dwarka,IN,81.86,clear sky,22.2394,68.9678,Hotel Narayan Avezika Comfort
1597,Nilakkottai,IN,81.34,overcast clouds,10.1648,77.8529,A.S Mahal
1598,Makasar,ID,89.65,few clouds,-5.14,119.4221,Hotel Horison Ultima Makassar
1600,Campos Belos,BR,67.26,broken clouds,-13.0367,-46.7717,Pousada Carna√∫ba
1601,Jiazi,CN,68.29,clear sky,22.8779,116.067,Hotel Jin Hao
1605,Roebourne,AU,88.84,overcast clouds,-20.7833,117.1333,Latitude20 Roebourne Village
1606,Mildura,AU,71.56,moderate rain,-34.2,142.15,Mercure Hotel Mildura
1607,Esna,EG,66.22,clear sky,25.2934,32.554,Orient Star Dahabyia Isna 05 Nights Each Sunday
1610,Vega De Alatorre,MX,69.21,clear sky,20.0333,-96.6333,El Polo Norte
1613,Dicabisagan,PH,77.63,heavy intensity rain,17.0818,122.4157,Nancy Montanes Bernardo
1614,Cachoeira,BR,73.2,overcast clouds,-12.6183,-38.9558,Cachoeira Apart Hotel
1615,Am Timan,TD,84.67,clear sky,11.0297,20.2827,Palais du chef Canton Salamt
1617,Umm Lajj,SA,81.57,clear sky,25.0213,37.2685,Moon light Furnished Units
1618,Canutama,BR,72.81,overcast clouds,-6.5339,-64.3831,Hotel Jhennifer
1620,Guiratinga,BR,71.76,overcast clouds,-16.3494,-53.7583,Hotel Angra do Cerrado - Guiratinga MT
1623,Atlatlahucan,MX,66.24,broken clouds,18.9333,-98.9,CALLE GIRASOLES COL LOS CERRITOS
1625,Kananga,CD,74.12,moderate rain,-5.8958,22.4178,Guest House Wood Land
1628,Luorong,CN,61.93,broken clouds,24.4058,109.6086,Ëç£Á´ãÂ§ßÈÖíÂ∫ó
1631,Chabahar,IR,81.3,clear sky,25.2919,60.643,Ÿáÿ™ŸÑ ⁄ØÿØÿ±Ÿàÿ¥€åÿß
1632,Jiwani,PK,80.89,clear sky,25.05,61.7417,Al Mumtaz Transport Jiwani
1633,San Carlos Del Zulia,VE,73.6,overcast clouds,9.0,-71.9135,Hotel El Manantial
1635,Floriano,BR,74.28,few clouds,-6.7669,-43.0225,Hotel Maktub
1638,Matinha,BR,74.8,broken clouds,-3.1006,-45.0336,Hotel do Posto e Conveni√™ncia
1640,Ambulu,ID,83.59,light rain,-8.345,113.6058,Hotel Ambulu Jember
1641,Kano,NG,71.49,broken clouds,12.0001,8.5167,Havana Guest Inn
1643,Bairiki,KI,80.6,scattered clouds,1.3292,172.9752,Tarawa Boutique Hotel
1645,Acopiara,BR,74.39,broken clouds,-6.0953,-39.4525,Cantinho do Ceu Hotel
1646,Itaituba,BR,72.99,broken clouds,-4.2761,-55.9836,Hotel Campos
1649,Kibala,TD,67.95,clear sky,9.1104,18.3463,hotel safari
1650,General Pico,AR,67.44,clear sky,-35.6566,-63.7568,Euskadi Hotel
1656,Igunga,TZ,88.65,broken clouds,-4.2833,33.8833,Victoria Lodge
1659,Altamira,BR,72.27,overcast clouds,-3.2033,-52.2064,Requinte Hotel
1661,Hendrina,ZA,66.27,clear sky,-26.1588,29.7153,Macrest
1663,Mabaruma,GY,72.03,overcast clouds,8.2,-59.7833,Monty Brooms Guest House
1664,Tefe,BR,72.9,overcast clouds,-3.3542,-64.7114,Aracati Hotel
1665,Pimentel,PE,64.63,overcast clouds,-6.8367,-79.9342,Casona Del Muelle
1667,Kpandu,GH,79.47,few clouds,6.9954,0.2931,Emo House
1668,Ouesso,CG,83.39,broken clouds,1.6136,16.0517,ABENIE Hotel
1670,Perth,AU,82.4,clear sky,-31.9333,115.8333,Beatty Lodge
1672,Manono,CD,82.0,broken clouds,-7.3,27.4167,Hotel hewa bora
1674,Asfi,MA,60.31,few clouds,32.2994,-9.2372,H√¥tel Abda
1675,Pangai,TO,80.94,overcast clouds,-19.8,-174.35,Ha'apai Beach Resort
1676,Batangafo,CF,87.22,clear sky,7.3008,18.2833,OCHA Office
1677,Sumbawanga,TZ,78.6,few clouds,-7.9667,31.6167,Matamba II Guest House
1679,Jiangmen,CN,73.98,clear sky,22.5833,113.0833,Palace International Hotel
1682,Ondjiva,AO,77.04,clear sky,-17.0667,15.7333,COMBUESA
1685,Sompeta,IN,83.35,scattered clouds,18.9333,84.6,Netaji's Home
1689,Camopi,GF,70.47,broken clouds,3.1655,-52.3158,La pousada
1691,Anito,PH,80.2,moderate rain,12.4497,125.2886,FELIPA LAODENIO PROPERTY
1694,Tias,ES,62.28,few clouds,28.9611,-13.645,Hotel Beatriz Playa & SPA
1698,Praia,CV,73.94,clear sky,14.9215,-23.5087,LT Aparthotel
1700,Rancho Palos Verdes,US,61.79,overcast clouds,33.7445,-118.387,Terranea Resort
1701,Pocone,BR,74.77,overcast clouds,-16.2567,-56.6228,Hotel e Churrascaria Pantaneira
1706,Puerto Leguizamo,CO,69.89,overcast clouds,-0.1934,-74.7819,la casona de juancho
1708,Boyolangu,ID,84.99,light rain,-8.1181,111.8935,Yos ega cv
1710,Bafq,IR,63.84,clear sky,31.6128,55.4107,Alamdar Hotel
1711,Gasa,PS,73.89,scattered clouds,31.5,34.4667,ÿ±ÿßÿ®ÿ∑ÿ© ÿßŸÑŸÅŸÜÿßŸÜŸäŸÜ ÿßŸÑŸÅŸÑÿ≥ÿ∑ŸäŸÜŸäŸäŸÜ
1712,Balurghat,IN,81.01,clear sky,25.2167,88.7667,"Circuit House, Balurghat"
1714,Ilhabela,BR,71.8,overcast clouds,-23.7781,-45.3581,Ilha Flat Hotel
1718,Albury,AU,73.31,light rain,-36.0833,146.9167,Albury Georgian Motel & Suites
1719,Mudon,MM,86.23,overcast clouds,16.2578,97.7164,Motel Mudon
1724,Nieuw Amsterdam,SR,78.03,overcast clouds,5.8833,-55.0833,Hotel Stardust
1725,Bang Sai,TH,87.01,overcast clouds,14.2124,100.4966,‡πÅ‡∏û ‡∏™‡∏ô‡∏≤‡∏°‡∏ä‡∏±‡∏¢ ‡∏ö‡∏≤‡∏á‡πÑ‡∏ó‡∏£ ‡∏≠‡∏¢‡∏∏‡∏ò‡∏¢‡∏≤ ‡∏ï‡∏Å‡∏õ‡∏•‡∏≤ fishing
1727,Mamit,IN,76.03,haze,23.9333,92.4833,R.Tlangliana Building
1732,Maxixe,MZ,80.42,scattered clouds,-23.8597,35.3472,Oceano
1736,Winneba,GH,79.27,scattered clouds,5.3511,-0.6231,Windy Lodge & Beach Resort
1737,Tharad,IN,85.98,few clouds,24.3961,71.6267,Shree Nandan Couriyar Service
1741,Acari,PE,67.84,overcast clouds,-15.4311,-74.6158,HOSPEDAJE XIMENA
1742,Maroantsetra,MG,82.87,clear sky,-15.4333,49.7333,Annexe Vatsy H√¥tel
1743,Mayong,ID,85.46,heavy intensity rain,-8.2443,114.9625,Pondok Wisata Grya Sari Hotel
1744,Santiago,CL,63.86,clear sky,-33.4569,-70.6483,Che Lagarto Hostel Santiago
1745,Lethem,GY,76.98,overcast clouds,3.3803,-59.7968,Savannah Inn
1746,Labrea,BR,72.39,overcast clouds,-7.2586,-64.7981,Hotel Novo Horizonte
1747,Piet Retief,ZA,60.31,light rain,-27.0071,30.8132,Arabian Nite Guest House
1748,Barpeta,IN,78.89,clear sky,26.3167,91.0,MJ GUEST HOUSE
1753,Anloga,GH,80.82,few clouds,5.7947,0.8973,Pin Drop Hotel
1754,Salta,AR,63.19,broken clouds,-24.7859,-65.4117,Hotel Alejandro I
1755,Sesheke,ZM,89.17,overcast clouds,-17.4759,24.2968,Protea Hotel by Marriott Zambezi River Lodge
1756,Bela Vista,BR,72.3,overcast clouds,-22.1089,-56.5211,Bella Vista Palace Hotel
1757,Ucar,AZ,62.56,scattered clouds,40.519,47.6542,A≈üura market
1758,Boundiali,CI,74.71,clear sky,9.5217,-6.4869,Hotel Paysan Boundiali
1760,Pastos Bons,BR,71.96,overcast clouds,-6.6017,-44.0767,√Årea de lazer casa (Pucina)
1761,Bahia Blanca,AR,72.34,clear sky,-38.7196,-62.2724,Hotel Argos
1763,Baraya,CO,68.5,overcast clouds,3.1533,-75.0531,HOTEL LOS ALMENDROS
1767,Ubata,BR,71.78,overcast clouds,-14.2139,-39.5228,Pousada Caique
1768,Kapit,MY,82.92,overcast clouds,2.0167,112.9333,Hotel Meligai Kapit
1770,Gerash,IR,71.74,clear sky,27.6652,54.1371,Sa'adat House
1773,Soe,ID,77.14,overcast clouds,-9.8607,124.284,Dena Hotel
1775,Elat,IL,62.44,haze,29.5581,34.9482,Club Hotel Eilat
1778,Codajas,BR,72.52,overcast clouds,-3.8367,-62.0569,Atl√¢ntic Hotel
1779,Arapongas,BR,66.87,overcast clouds,-23.4194,-51.4244,Hotel Mirage
1790,Paka,MY,78.73,scattered clouds,4.6374,103.4368,RUMBIA RESORT VILLA
1791,Meiktila,MM,83.01,few clouds,20.8667,95.8667,The Floral Breeze Wunzin Hotel
1793,Natal,BR,77.22,scattered clouds,-5.795,-35.2094,Villa Park Hotel | Natal
1794,Banjar,ID,87.66,heavy intensity rain,-8.19,114.9675,The Hamsa Resort
1795,Quata,BR,70.52,overcast clouds,-22.2475,-50.6983,Hotel Patrao de Quata
1796,Sumenep,ID,85.1,light rain,-7.0167,113.8667,OYO 3271 Homestay Pandian
1798,Fenoarivo,MG,84.27,scattered clouds,-18.933,47.4354,Skyfol Ambodiafontsy
1800,Phek,IN,65.26,clear sky,25.6667,94.5,Prayer Centre
1801,Port Pirie,AU,73.49,overcast clouds,-33.1833,138.0167,John Pirie Motor Inn
1802,Rio Verde De Mato Grosso,BR,75.38,overcast clouds,-18.9181,-54.8442,Hotel Val√™ncia
1807,San Miguel,SV,69.85,scattered clouds,13.4833,-88.1833,Hotel Tropico Inn San Miguel
1810,Turan,VN,75.18,broken clouds,16.0678,108.2208,Sun River Hotel
1811,Pathein,MM,87.19,broken clouds,16.7833,94.7333,New Pammawaddy Hotel
1812,Tepalcatepec,MX,71.13,few clouds,19.1833,-102.85,Maria De Jesus
1818,Harlingen,US,67.89,clear sky,26.1906,-97.6961,Courtyard by Marriott Harlingen
1819,Pemba,MZ,88.5,few clouds,-12.974,40.5178,Guesthouse Samotina
1820,Puerto Madryn,AR,66.24,clear sky,-42.7692,-65.0385,Hotel Tolosa
1821,Pajan,EC,71.2,overcast clouds,-1.5667,-80.4167,Cecadel
1825,Upington,ZA,79.18,clear sky,-28.4478,21.2561,River Place Manor
1826,Kallupatti,IN,82.36,moderate rain,9.7167,77.8667,ELUMALI SK AUTO FINANCE
1827,Yunyang,CN,68.79,clear sky,33.4474,112.7142,Post & Telecom Hotel
1828,Nisia Floresta,BR,77.38,scattered clouds,-6.0911,-35.2086,Rancho Crepusculo
1831,Mbanza-Ngungu,CD,74.61,overcast clouds,-5.25,14.8667,Hotel Full Business
1832,La Asuncion,VE,78.53,broken clouds,11.0333,-63.8628,Colinas de Matasiete
1833,Urucara,BR,73.72,broken clouds,-2.5364,-57.76,Pousada Maria Bonita
1834,Gloria Do Goita,BR,78.94,overcast clouds,-8.0017,-35.2928,Apoty
1840,Arcelia,MX,70.05,few clouds,18.2833,-100.2667,Hotel El Posito
1841,Guadalajara,MX,62.98,scattered clouds,20.6667,-103.3333,Hotel Aranzaz√∫
1842,Anahuac,MX,62.58,few clouds,27.2333,-100.15,HOTEL SAN FELIPE
1844,Tabou,CI,80.01,overcast clouds,4.423,-7.3528,hot√™l doufoulougou
1845,Tuensang,IN,71.46,clear sky,26.2833,94.8333,B.W.D Resthouse.
1847,Tanda,IN,78.55,clear sky,26.55,82.65,MUMTAZ GANJ TANDA
1849,Awbari,LY,75.15,clear sky,26.5921,12.7805,ŸÅŸÜÿØŸÇ ÿ£Ÿàÿ®ÿßÿ±Ÿä
1855,Jacqueville,CI,80.51,broken clouds,5.2052,-4.4146,Hotel Le Martin Pecheur
1858,Bobo Dioulasso,BF,70.25,clear sky,11.1771,-4.2979,RAN Hotel Somketa
1859,Pedernales,DO,77.61,overcast clouds,18.0384,-71.744,Hotel Costa Marina
1861,Manado,ID,86.77,scattered clouds,1.487,124.8455,Aryaduta Hotel
1867,Baghdad,IQ,64.31,clear sky,33.3406,44.4009,Baghdad Hotel
1868,Mossendjo,CG,71.55,light rain,-2.9506,12.7261,HOTEL D'ASSISE
1872,Adana,TR,62.62,broken clouds,36.985,35.2881,G√ºney Adana Otel
1876,Chau Doc,VN,86.76,overcast clouds,10.7,105.1167,JADE AND SAPPHIRE GUESTHOUSE
1877,Bocas Del Toro,PA,79.07,overcast clouds,9.3333,-82.25,Hotel Bocas del Toro
1880,Sinnar,SD,87.12,few clouds,13.5691,33.5672,Ÿáÿ¨Ÿà ÿßŸÑÿ∑ÿßŸáÿ±
1881,Oranjestad,AW,80.55,few clouds,12.524,-70.027,Divi Village Golf & Beach Resort
1883,Beni,CD,74.86,light rain,0.5,29.4667,Albertine hotel
1884,Casa Nova,BR,80.58,broken clouds,-9.4167,-41.1333,Pousada e Restaurante Dona Xinha
1885,Arusha,TZ,80.37,scattered clouds,-3.3667,36.6833,Graceland Hotel
1888,Fengkou,CN,65.21,few clouds,30.0833,113.2667,ÂêõÊÇ¶Â§ßÈÖíÂ∫ó
1893,Pasighat,IN,77.61,clear sky,28.0667,95.3333,Siang Guest House
1897,Mumford,GH,82.35,scattered clouds,5.2618,-0.759,Spanish Villa
1898,Lisala,CD,86.86,clear sky,2.15,21.5167,Flat h√¥tel tozelaka
1900,Lufilufi,WS,78.58,light rain,-13.8745,-171.5986,Leuaina Beach Resort and Spa
1902,Hukuntsi,BW,79.47,clear sky,-24.0,21.75,Entabeni Hotel
1904,Taunggyi,MM,72.73,scattered clouds,20.7833,97.0333,True Treasure Hotel
1906,Bindura,ZW,83.01,overcast clouds,-17.3019,31.3306,Mayfair Lodges and Restaurant
1907,Polis,CY,71.42,clear sky,35.0367,32.4264,Marion
1908,Puerto Madero,MX,75.4,broken clouds,14.7208,-92.4215,Hospedaje madero
1910,Palitana,IN,89.47,few clouds,21.5167,71.8333,Sanderao Bhavan
1911,Alanya,TR,62.73,light rain,36.5438,31.9998,Panorama Hotel
1913,Kanniyakumari,IN,79.86,moderate rain,8.0833,77.5667,Sparsa
1914,Saveh,IR,60.44,clear sky,35.0213,50.3566,Sadra Hotel And Restaurant
1915,Mentakab,MY,79.63,light rain,3.4865,102.3516,neotel hotel kuala lumpur
1917,Limbang,MY,87.91,overcast clouds,4.75,115.0,Purnama Hotel
1922,Alamos,MX,61.45,few clouds,27.0167,-108.9333,Luz del Sol
1923,Nouakchott,MR,73.33,overcast clouds,18.0858,-15.9785,HOTEL IMAN
1924,Eydhafushi,MV,81.7,overcast clouds,5.1033,73.0708,Soneva Fushi
1925,Kelo,TD,87.3,clear sky,9.3086,15.8066,Plantation de Kelo
